artifact,recorded_sha256,current_sha256,matches_lock,matches_reviewed_source
protocol.json,e3ef14887e1dcdf13c63f86a7fae3dca518ccf82374990abdec0e0348ba3fe6b,e3ef14887e1dcdf13c63f86a7fae3dca518ccf82374990abdec0e0348ba3fe6b,True,
input_hashes.json,a1aefa66ef7226a4eefcd729d7af6e19a70072f16d0f631c108d9fcf895992c3,a1aefa66ef7226a4eefcd729d7af6e19a70072f16d0f631c108d9fcf895992c3,True,
preparation_complete.json,d4703d4582418c1875d4bd2a713f41487f3e21e90c974f02c642f0d9c289d72c,d4703d4582418c1875d4bd2a713f41487f3e21e90c974f02c642f0d9c289d72c,True,
wearable_file_hashes_LOCAL_ONLY.csv,56d34d8abdfa943625f3cd74ae0601c1dc8b177ba148f2e7a6acaedd726d9717,56d34d8abdfa943625f3cd74ae0601c1dc8b177ba148f2e7a6acaedd726d9717,True,
all_roster_analysis_status_LOCAL_ONLY.csv,5ec2f6a4d7f0a521902fe2ef903dfe08c7a8306a8f2b374b7baa48ba09b52ad1,5ec2f6a4d7f0a521902fe2ef903dfe08c7a8306a8f2b374b7baa48ba09b52ad1,True,
training_cohort_LOCAL_ONLY.csv,59d53f451d6fa1192badaf0e7cdd78aecc6a3cd9823c791fcc44c89063ed7b15,59d53f451d6fa1192badaf0e7cdd78aecc6a3cd9823c791fcc44c89063ed7b15,True,
frozen_C.joblib,e8783a7a55540df032b808b6a16a12713be90f754f6466a6e11796a49eab79fb,e8783a7a55540df032b808b6a16a12713be90f754f6466a6e11796a49eab79fb,True,
frozen_CD.joblib,5e7b8aff0f1422b384400eab49d95293c72aa317671214a2bbd9ce3aca1ba143,5e7b8aff0f1422b384400eab49d95293c72aa317671214a2bbd9ce3aca1ba143,True,
frozen_CW.joblib,cb7f1d838390d3775506221ed92fce9fc578cbad061349ff46f751e97fa6e84e,cb7f1d838390d3775506221ed92fce9fc578cbad061349ff46f751e97fa6e84e,True,
frozen_CWD.joblib,88a5b0e7d4c679a49fae83c4252715177eee1dcf966bacc382bf32605df52704,88a5b0e7d4c679a49fae83c4252715177eee1dcf966bacc382bf32605df52704,True,
frozen_CWDS.joblib,f618e469c7c6d3805001c69ace77ab6b7868027ab8754afc830503857527c39d,f618e469c7c6d3805001c69ace77ab6b7868027ab8754afc830503857527c39d,True,
frozen_W.joblib,21c037d85eca1a708daea2f52e849e1c2122ca00dda913373d3b76c4d7ae79d7,21c037d85eca1a708daea2f52e849e1c2122ca00dda913373d3b76c4d7ae79d7,True,
frozen_WD.joblib,e6bb86c9c47c545f134518d554092826ed782b882ff1c2cfe960aa119a1bbf9d,e6bb86c9c47c545f134518d554092826ed782b882ff1c2cfe960aa119a1bbf9d,True,
frozen_WDS.joblib,05bd30c53cefae01b49dbacd61c34a4b66c025ff7ef0e36d03f1a5f4b9a505b3,05bd30c53cefae01b49dbacd61c34a4b66c025ff7ef0e36d03f1a5f4b9a505b3,True,
aireadi_no_cgm_models.py,91cfd9aa70bf60b6e72a1545df705e39a46a351438dc40a91d081d98d1032aa4,91cfd9aa70bf60b6e72a1545df705e39a46a351438dc40a91d081d98d1032aa4,True,True
aireadi_no_cgm.py,e9976a62575a1801439fde414548a26a308b78dfde1540f7def3b0943b40e2ba,e9976a62575a1801439fde414548a26a308b78dfde1540f7def3b0943b40e2ba,True,True
