feature,Predictor,mean_absolute_SHAP_seed_20261928,mean_absolute_SHAP_seed_20261929,mean_absolute_SHAP_seed_20261930
age_years,Age,0.061237726419785206,0.06118560953508612,0.06117324068634163
bmi_source,Body mass index,0.012470017415914941,0.012476708983021344,0.012428377251405057
waist_source_cm,Waist circumference,0.14964926746722534,0.14969324307564305,0.14977977403741213
bp1_systolic_source,Systolic blood pressure,0.017372361117398847,0.0173573787746263,0.01732573879532959
bp1_diastolic_source,Diastolic blood pressure,0.012972437879869292,0.01293677902212715,0.012943368184668168
heart_rate__history_mean,Heart rate: average,0.050163725854326026,0.05018564783820935,0.05015816104516586
heart_rate__slope_per_day,Heart rate: trend,0.010937828787632008,0.010959319678605584,0.010941045584905381
heart_rate__sd_daily_means,Heart rate: daily variability,0.005673332683770248,0.0056419092257768075,0.005683394371698257
heart_rate__last_day_minus_prior_mean,Heart rate: final-day change,0.02292136354898325,0.02288478416143657,0.022912134940598804
oxygen_saturation__history_mean,Oxygen saturation: average,0.0025011115471590146,0.0024989527822677003,0.0025161132667847206
oxygen_saturation__slope_per_day,Oxygen saturation: trend,0.0019966964334460838,0.0020118287983559137,0.002011466578602302
oxygen_saturation__sd_daily_means,Oxygen saturation: daily variability,0.011913285215094336,0.01192267060335984,0.011961744353858394
oxygen_saturation__last_day_minus_prior_mean,Oxygen saturation: final-day change,0.011764258504125135,0.011811379071596255,0.011759779348087923
respiratory_rate__history_mean,Respiratory rate: average,0.008527909905026766,0.00860522637127826,0.00854708813447849
respiratory_rate__slope_per_day,Respiratory rate: trend,0.006188724937362988,0.006193467969650458,0.0061911935242267456
respiratory_rate__sd_daily_means,Respiratory rate: daily variability,0.009096407963349885,0.009107616763390378,0.009072872805967953
respiratory_rate__last_day_minus_prior_mean,Respiratory rate: final-day change,0.028820043226251337,0.028819651883723867,0.02890542365828197
stress__history_mean,Device stress score: average,0.05392227087005072,0.05391724193248822,0.05397988071016167
stress__slope_per_day,Device stress score: trend,0.006613476759132253,0.006625587264671566,0.0066342661157083585
stress__sd_daily_means,Device stress score: daily variability,0.00738619424433924,0.007388872171846502,0.007373854374997661
stress__last_day_minus_prior_mean,Device stress score: final-day change,0.003936426068800882,0.003958438623799339,0.003932170354135052
sleep__mean_hours_per_episode,Sleep duration: episode average,0.020340379112910027,0.02035298491095359,0.020353948998621307
sleep__slope_hours_per_day,Sleep duration: trend,0.012557864455862697,0.012596327014483733,0.012566895654496606
sleep__sd_hours_per_episode,Sleep duration: episode variability,0.017288813567027134,0.017308877879041572,0.017282613745570045
sleep__latest_minus_previous_mean,Sleep duration: latest change,0.01651305872874069,0.016508512208105414,0.01651745949222328
diet1__source_category,Fast-food meals/snacks,0.007809943879956422,0.007819807841582734,0.00781510522387054
diet2__source_category,Fruit intake,0.0028478266864029873,0.002841675776972552,0.0028390008202669363
diet3__source_category,Vegetable intake,0.0034188601165111446,0.003423087026829962,0.0034201749865715855
diet4__source_category,Regular soda/sweet tea,0.0026659930230750993,0.002667139676420852,0.0026673694725672663
diet5__source_category,"Beans, chicken, or fish",0.004944202113078444,0.004946302517853635,0.004941275810024335
diet6__source_category,Regular chips/crackers,0.0014116136883884634,0.0014069349161193714,0.0014084624762695538
diet7__source_category,Desserts/other sweets,0.00810645510904291,0.008123535732040103,0.00810725790984978
diet8__source_category,Added margarine/butter/meat fat,0.007006348320876722,0.007008847075413039,0.007016649356335111
diet9__source_category,Fruit-juice intake,0.0017197983175543897,0.0017164421164338488,0.0017181145391840533
years_of_education,Education (stored numeric value),0.03630395545831621,0.03636437790883826,0.036297900177185774
marital_status_source_code,Marital status,0.008292950774276822,0.008299906433683604,0.00830478715607189
pxfi1__source_category,Food exhausted; unable to afford more,0.027852588030893546,0.027830879728628275,0.02783872712627455
pxfi2__source_category,Unable to afford balanced meals,0.014237279927473317,0.01425550449331662,0.014240218174522515
pxfi3__source_category,Reduced/skipped meals because of cost,0.0013756655922613846,0.0013787212062342108,0.0013767534895265036
pxfi4__source_category,Ate less because of food cost,0.017958509138471097,0.01795551977989239,0.01796834266343328
pxfi5__source_category,Hungry but unable to afford food,0.0005051430262978283,0.0005028492568005423,0.000505281090680936
pxhi1__source_category,Current housing stability,0.0013175516926073438,0.0013217008277494795,0.0013136995292011891
pxhic1__source_category,Employer/union health coverage,0.0072227966566647825,0.007201975535010719,0.007222062820209213
pxhic2__source_category,Direct-purchase/marketplace coverage,0.004117390392988569,0.0041112561655777076,0.004122766210199355
pxhic3__source_category,Medicare coverage,0.0032569230387303814,0.0032839134557640743,0.003289361835373534
pxhic4__source_category,Medicaid/CHIP/other public assistance coverage,0.00543997952915117,0.005433020460063671,0.005438962610892765
pxhic5__source_category,Military/VA health coverage,0.0019619078610321108,0.001961882818044727,0.001965642272354394
pxhic7__source_category,Other health coverage,0.0007325499544252455,0.0007396837274032079,0.0007376887642839233
